"","Analysis_Category","inflow","outflow","percent"
"1","Detention Basin",32.33784,14.15842,0.562171746783335
"2","Grass Strip",1.36,1.18,0.132352941176471
"3","Grass Swale",22.65348,15.2911,0.324999955856672
"4","Manufactured Device",28.31685,14.15842,0.500000176573312
"5","Media Filter",10.855,4.54,0.581759557807462
"6","Retention Pond",277.2219,138.0098,0.502168479474385
"7","Wetland Channel",137.903,69.94261,0.492812991740571
